ORF_number,Timestamp,SequenceSnippet,Length_aa,TopHit,Function,E_value,SequenceFull
1,2025-12-02 18:05:13,MRWARGMIQIFRVDNPMLGP...,96,ref|WP_420219845.1| UDP-forming cellulose synthase catalytic subunit [Komagataeibacter intermedius] >gb|MFW6684202.1| UDP-forming cellulose synthase catalytic subunit [Komagataeibacter intermedius] >gb|XQM67456.1| UDP-forming cellulose synthase catalytic subunit [Komagataeibacter intermedius],UDP-forming cellulose synthase catalytic subunit [Komagataeibacter intermedius],7.21856e-36,MRWARGMIQIFRVDNPMLGPGLKLGQRLCYLSAMTSFFFAIPRVIFLASPLAFLFFSQNIIAASPRGAGLRHSPHVPFRCHGGKGEQGMALFILE*
2,2025-12-02 18:05:13,MAIGLMRGLFALAFQHLDII...,225,,,,MAIGLMRGLFALAFQHLDIISERAYALNCVWSVISLIILLAAIAVGRETKQIRHSHRVDARIPVTVYDYEGNSSHGITQDVSMGGVAIHMPWRNVTPDQPVQTVVHAVLDGEVVNLPATMIRCANGKAVFTWNITSLPIEASVVRFVFGRADAWLQWNDYEHDRPLRSLWSLILSIKALFRKKGRMMIHSRPQNKPIALPVERREPTSSQGGQKQEGKISRAAS*
3,2025-12-02 18:05:13,MEVANPSDPNGTILLVTGRD...,98,"ref|WP_264996996.1| cellulose biosynthesis cyclic di-GMP-binding regulatory protein BcsB, partial [Komagataeibacter rhaeticus]","cellulose biosynthesis cyclic di-GMP-binding regulatory protein BcsB, partial [Komagataeibacter rhaeticus]",2.16153e-24,MEVANPSDPNGTILLVTGRDRDEVITASKGIGFSSSTLPVAARMDVAPIDVAPARPMMRRPSSRPAGLSGWVSWCRSVPCRAKAIPRRAFRGVPHGA*
4,2025-12-02 18:05:13,MPAGCGRAGSCPVAACTVPP...,99,gb|MDT8870982.1| hypothetical protein [Komagataeibacter rhaeticus],Error fetching summary,3.75369e-35,MPAGCGRAGSCPVAACTVPPAAAAGRKAEIVSMNRRYVFSLSAGLLASSCMTVLVAVPLARAQQASTAMTGTPGFGRVGGATADPAAAGPVLASAAAV*
5,2025-12-02 18:05:13,MAGVPAEWDQARAGLAGIVA...,365,gb|MDT8870984.1| tetratricopeptide repeat protein [Komagataeibacter rhaeticus],Error fetching summary,0.0,MAGVPAEWDQARAGLAGIVASNPQDYHAQLAFAQALTYNTATRMEGLARLKDLQGFRSQAPVEAAAASQSYRQTLSWLPVTPTTQPLMQQWLDSHPNDTELREHMVHPPGGPPDKAGLARQAGYQQLNAGRIAAAEQSFQSALQINSHDADSLGGMGLVSMRQGDAAEARRYFQEAMAADPKTADRWRPALAGMEISGDYAAVRQLIAAHQYDAAKQRLSALARQSGQFTGATLMLADLQRTTGQMGAAEQEYQSVLARDPNSQLALMGLARVEMAQGKTAEARQLLSRVGSQYATQVGEIEVTGLMAAASQTSDSARKVSILREAMAQAPRDPWVRINLANALQQQGTWRKPIGSCSPSCPIP*
6,2025-12-02 18:05:13,MFHSVATAAKVNKGWRYSFW...,81,gb|MDT8870977.1| hypothetical protein [Komagataeibacter rhaeticus],Error fetching summary,1.29588e-49,MFHSVATAAKVNKGWRYSFWSEVYETVMALFLVRVTIVTMMFPSKGKFNVTEKVAFWRTRNSTLVPHIRTSSLRSSWRLA*
7,2025-12-02 18:05:13,MKMVSLIALLVFATGAQAAP...,187,gb|MDT8870979.1| cellulose biosynthesis cyclic di-GMP-binding regulatory protein BcsB [Komagataeibacter rhaeticus],Error fetching summary,5.94778e-122,MKMVSLIALLVFATGAQAAPVASKAPAPQPAGDNLPPLPAAAPAAAAAPAGQQPAGAASAAPAVDPAAASAADAMVDNAENATGVGSDVATVHTYSLRELGAENALTMRGAAPAGLQFGVPGDQLVTSARLVVSGAMSPNLQPDNSAVTITLNEQYIGTLRPDPSHPAFGPLSLTSTPSSLSAATG*
8,2025-12-02 18:05:13,MPTCRTRPWCCRTIPMSTVV...,247,gb|MDT8870981.1| cellulose biosynthesis cyclic di-GMP-binding regulatory protein BcsB [Komagataeibacter rhaeticus],Error fetching summary,4.71754e-166,MPTCRTRPWCCRTIPMSTVVSAYLDLMGFMGATTWYPVSGLDIVSADHVNDVADRNLIVLSTLANSGEVSSLLSNSSYQIADGRLHMGMRSTLSGVWNIFQDPMAAINNTHPTEVETTLSGGVGAMVEAESPLASGRTVLALLSADGQGLDNLVQILGQRKNQAKIQGDLVLAHGDDLTSYRSSPLYTVGTLPMWLMPDWYMHNHPVRVIVVGLFGCLLVVAVLVRALLRHALFRRRQLQEERQKS*
9,2025-12-02 18:05:13,MPAVLPQPSSPSSPRYRSIP...,140,No matches found,N/A,N/A,MPAVLPQPSSPSSPRYRSIPMMPIHLAAWDWSACGRATRPKPAAISRKRWRPIPRRRIAGARPWPAWKSAVTMPRSASLLPPTSMMRPSSACPRWHASPDSLPAPRSCWPTCSARPARWARRSRNTSPFWHATRTASLP*
10,2025-12-02 18:05:13,MHCSAGGSCRKKGRNREHEQ...,141,No matches found,N/A,N/A,MHCSAGGSCRKKGRNREHEQTLRLFPFCRPACQQLHDRAGGGATGARAAGLHGHDRYSRLRAGRRRHGRSCCSRPGSGFSSSSMTMPVRPCRMPSAWRRMRRMSWRYRANTRRRSATGKRQPIRCATSSRLRPAVRPPTA*
11,2025-12-02 18:05:13,MAEANRVMQPILSNPVTAQD...,79,,,,MAEANRVMQPILSNPVTAQDRQAGILFTYGSGNDAMTRRLLAGLSPEDYSPPSMPLRRKWRSSRIWPAACPWWRTRFR*
12,2025-12-02 18:05:13,MPGCGKGTHLRQVGCRDGTL...,399,,,,MPGCGKGTHLRQVGCRDGTLVQQVTQAVGGRTAGRNLLEVAQRIGCRFPVADRRLVFALYLQDIRRIRRHALGILQGLTGIVILLLLKPEPGLLQQDLPWRRRPARSLEYRSWPWRPAARAPVAPPPARSCNCWQAGRQKGKRRSVCSCSRFLPFFLQLPPAEQCMPQQGTNQHGHNQQASEQPHHDHANGMVMHIPVRHEPHRQRANGIKGRTAVRCQVIPMGKHQVALNLGLVLTLPEDLDQIVQPLPVSREQGKNRASGCQRGFRFHHRAHATAQGRLDLGRMGIVDGGHRVLEDVPHPTQGGAHPHVQAPVGNLVRRVRQQGGNLAAIGQRGQDDQVPVRHIIHMIRGNDVQTRDGIPRRRPHEAHQVKIGADNRTHWDGPAAPRPSATGRHRW*
13,2025-12-02 18:05:13,MLLHATGLAPATKTLDQLVD...,85,,,,MLLHATGLAPATKTLDQLVDHTVLFMQGIGLQVGIVDTNVQMRTRQIHDRPVGRPEAHVQLVRPVAPGIQVRRRAERHGKHAGV*
14,2025-12-02 18:05:13,MHGRHIGTDAGRILRIVHHG...,100,,,,MHGRHIGTDAGRILRIVHHGISGAGGGRIDGRCRTGGASRLLSGRGCRGGRCRGGQGRQVIARRLRGWRFGCNRRSLRSRCKDQQRDQGHHFHITRPHD*
15,2025-12-02 18:05:13,MFTQFGIIGVAVQPLLHERL...,210,,,,MFTQFGIIGVAVQPLLHERLRGGRYRQPAQRLPVGLAGGRGLDRGLAAETLQVLEPRQTFHAGRRIIGQRLRKCELGMIILWIGCHDTGKPGPGLIPFGRNACHGLVIFHRKRMRRLTAIEQLLAPCTACALCPDAARERTCDRSDVEMERSCSRSLRLLAAVLPGATCWRWRSVSAAASRLPIAVWYSPCTSRTSGASGATRWAFCRA*
16,2025-12-02 18:05:13,MLGHAGPLQSVARVGASFRA...,119,,,,MLGHAGPLQSVARVGASFRACREIEVQPVAADKEDGVDVKESGPKAGCDGSGRSVPIYCSFSVIVTALLSGWRLGDIAPDTTSRAEVTSWSPGTPNCSPAGAAPRMVSAFSAPSSRRE*
17,2025-12-02 18:05:13,MASAALAAAGSTAGAALAAP...,280,,,,MASAALAAAGSTAGAALAAPAGCCPAGAAAAAGAAAGRGGRLSPAGCGAGALDATGAACAPVAKTSSAIRDTIFISRGRTTDLSFLFLTTLTACWLPALNRQCNGFILRATMDHHPTLLAEQRLDAEDQAPQASQRPIMLVIIPLQPGIGATEHEPDDRGFNREGGDVPGKDRLAIRTADHGSGEIDHLTIQHGVDNGLHRLVRCHIAPRHMNGHTTHGHVLRDAMAGIPFVIINRYRNSRIDTMAVADLLGLTADGNGRKQDDETDHGPDTVECVGTL*
18,2025-12-02 18:05:13,MLEGQGKQPAHQANRHDDRK...,76,,,,MLEGQGKQPAHQANRHDDRKDDVRICGTKVEFLVLQNATFSVTLNLPFEGNIIVTMVTRTRNSAMTVSYTSLQNE*
19,2025-12-02 18:05:13,MASRRIETLRAESDVCEAAA...,128,,,,MASRRIETLRAESDVCEAAAIRPVTSISPTWVAYCDPTRDSSWRASAVLPCAISTRASPIRASWLFGSRARTDWYSCSAAPIWPVVRCRSASMSVAPVNCPDWRASADRRCLAASYWWAAISWRTAA*
20,2025-12-02 18:05:13,MRQGNAPATGRMSRWNARAA...,142,,,,MRQGNAPATGRMSRWNARAAGHSGCWRPYCRAQPAGGGAAYRLPLPGCRSPSGIRPVPPGHPAHPAPRAGHSAGPDGHCHTAAAEARTGPAAAGSAVAPPTRPKPGVPVMAVEACCARASGTATSTVMQLLASRPAEREKT*
21,2025-12-02 18:05:13,MRAATGSVLELKPMPLLAVM...,133,,,,MRAATGSVLELKPMPLLAVMTSSRSRPVTSRIVPLGSDGLATSIRVGPLMAGRPSAEGSSSATPTTTALPVCGMVENTGKFTPRKSVCWPNQDARMPEALSTSASNVCARTNGMTVFCLTFLSKNGCGSRDS*
